artist,song,version,UG link,
A*Teens,Cant Help Falling In Love,1,https://tabs.ultimate-guitar.com/tab/ateens/cant-help-falling-in-love-chords-519267
Adele,Lovesong,1,https://tabs.ultimate-guitar.com/tab/adele/lovesong-chords-1031573
Adele,Rolling In The Deep,4,https://tabs.ultimate-guitar.com/tab/adele/rolling-in-the-deep-chords-1028320
Adele,Set Fire To The Rain,2,https://tabs.ultimate-guitar.com/tab/adele/set-fire-to-the-rain-chords-1036340
Adele,Someone Like You,1,https://tabs.ultimate-guitar.com/tab/adele/someone-like-you-chords-1006751
Adele,Turning Tables,1,https://tabs.ultimate-guitar.com/tab/adele/turning-tables-chords-1027578
Alt-J,Something Good,2,https://tabs.ultimate-guitar.com/tab/alt-j/something-good-chords-1228449
Angus & Julia Stone,Santa Monica Dream,1,https://tabs.ultimate-guitar.com/tab/angus-julia-stone/santa-monica-dream-chords-2003169
Anna Kendrick,Cups,2,https://tabs.ultimate-guitar.com/tab/anna-kendrick/cups-chords-1239981
Arctic Monkeys,Do I Wanna Know,2,https://tabs.ultimate-guitar.com/tab/arctic-monkeys/do-i-wanna-know-chords-1418189
Ava Max,Sweet But Psycho,2,https://tabs.ultimate-guitar.com/tab/ava-max/sweet-but-psycho-chords-2505879
Avicii,Hey Brother,1,https://tabs.ultimate-guitar.com/tab/avicii/hey-brother-chords-1418555
Avicii,Wake Me Up,1,https://tabs.ultimate-guitar.com/tab/avicii/wake-me-up-chords-1397339
Avril Lavigne,Complicated,1,https://tabs.ultimate-guitar.com/tab/avril-lavigne/complicated-chords-33252
Avril Lavigne,Sk8Er Boi,3,https://tabs.ultimate-guitar.com/tab/avril-lavigne/sk8er-boi-chords-752868
Backstreet Boys,I Want It That Way,1,https://tabs.ultimate-guitar.com/tab/backstreet-boys/i-want-it-that-way-chords-17665
Barbara,Laigle Noir,1,https://tabs.ultimate-guitar.com/tab/barbara/laigle-noir-chords-1402162
Ben E. King,Stand By Me,1,https://tabs.ultimate-guitar.com/tab/ben-e-king/stand-by-me-chords-73005
Bill Withers,Just The Two Of Us,1,https://tabs.ultimate-guitar.com/tab/bill-withers/just-the-two-of-us-chords-663141
Birdy,People Help The People,3,https://tabs.ultimate-guitar.com/tab/birdy/people-help-the-people-chords-1117486
Bob Dylan,Blowin In The Wind,1,https://tabs.ultimate-guitar.com/tab/bob-dylan/blowin-in-the-wind-chords-14835
Bob Dylan,Knockin On Heavens Door,2,https://tabs.ultimate-guitar.com/tab/bob-dylan/knockin-on-heavens-door-chords-66559
Bob Marley,Is This Love,1,https://tabs.ultimate-guitar.com/tab/bob-marley/is-this-love-chords-75877
Bon Jovi,Livin On A Prayer,3,https://tabs.ultimate-guitar.com/tab/bon-jovi/livin-on-a-prayer-chords-1185747
Breaking Benjamin,Unknown Soldier,2,https://tabs.ultimate-guitar.com/tab/breaking-benjamin/unknown-soldier-chords-1193841
Bright Eyes,Lua,1,https://tabs.ultimate-guitar.com/tab/bright-eyes/lua-chords-391832
Britney Spears,Toxic,3,https://tabs.ultimate-guitar.com/tab/britney-spears/toxic-chords-618385
Bruce Springsteen,Dancing In The Dark,5,https://tabs.ultimate-guitar.com/tab/bruce-springsteen/dancing-in-the-dark-chords-1087212
Bruno Mars,Grenade,1,https://tabs.ultimate-guitar.com/tab/bruno-mars/grenade-chords-993953
Bruno Mars,The Lazy Song,2,https://tabs.ultimate-guitar.com/tab/bruno-mars/the-lazy-song-chords-999755
Cage the Elephant,Aint No Rest For The Wicked,1,https://tabs.ultimate-guitar.com/tab/cage-the-elephant/aint-no-rest-for-the-wicked-chords-1728800
Camila Cabello,Havana,1,https://tabs.ultimate-guitar.com/tab/camila-cabello/havana-chords-2105155
Cascada,Everytime We Touch,1,https://tabs.ultimate-guitar.com/tab/cascada/everytime-we-touch-chords-328011
Cecile Corbel,Arriettys Song,1,https://tabs.ultimate-guitar.com/tab/cecile-corbel/arriettys-song-chords-1826781
Celine Dion,My Heart Will Go On,1,https://tabs.ultimate-guitar.com/tab/celine-dion/my-heart-will-go-on-chords-14976
Chris Isaak,Wicked Game,1,https://tabs.ultimate-guitar.com/tab/chris-isaak/wicked-game-chords-11066
Coldplay,The Scientist,5,https://tabs.ultimate-guitar.com/tab/coldplay/the-scientist-chords-180849
Creedence Clearwater Revival,Fortunate Son,3,https://tabs.ultimate-guitar.com/tab/creedence-clearwater-revival/fortunate-son-chords-1045064
Daniel Powter,Bad Day,2,https://tabs.ultimate-guitar.com/tab/daniel-powter/bad-day-chords-202343
David Bowie,Heroes,3,https://tabs.ultimate-guitar.com/tab/david-bowie/heroes-chords-1046436
David Bowie,Space Oddity,1,https://tabs.ultimate-guitar.com/tab/david-bowie/space-oddity-chords-105869
David Bowie,Starman,2,https://tabs.ultimate-guitar.com/tab/david-bowie/starman-chords-145205
David Guetta,Titanium,2,https://tabs.ultimate-guitar.com/tab/david-guetta/titanium-chords-1098920
Dido,Thank You,3,https://tabs.ultimate-guitar.com/tab/dido/thank-you-chords-57890
Dire Straits,Sultans Of Swing,2,https://tabs.ultimate-guitar.com/tab/dire-straits/sultans-of-swing-chords-267976
Dua Lipa,New Rules,1,https://tabs.ultimate-guitar.com/tab/dua-lipa/new-rules-chords-2615229
Eagle-Eye Cherry,Save Tonight,1,https://tabs.ultimate-guitar.com/tab/eagle-eye-cherry/save-tonight-chords-14172
Eagles,Hotel California,1,https://tabs.ultimate-guitar.com/tab/eagles/hotel-california-chords-46190
Ed Sheeran,Castle On The Hill,1,https://tabs.ultimate-guitar.com/tab/ed-sheeran/castle-on-the-hill-chords-1928433
Ed Sheeran,Galway Girl,1,https://tabs.ultimate-guitar.com/tab/ed-sheeran/galway-girl-chords-1956593
Ed Sheeran,Happier,1,https://tabs.ultimate-guitar.com/tab/ed-sheeran/happier-chords-1956585
Ed Sheeran,I See Fire,4,https://tabs.ultimate-guitar.com/tab/ed-sheeran/i-see-fire-chords-1430599
Ed Sheeran,Perfect,1,https://tabs.ultimate-guitar.com/tab/ed-sheeran/perfect-chords-1956589
Ed Sheeran,Photograph,1,https://tabs.ultimate-guitar.com/tab/ed-sheeran/photograph-chords-1493446
Ed Sheeran,Shape Of You,2,https://tabs.ultimate-guitar.com/tab/ed-sheeran/shape-of-you-chords-1928439
Ed Sheeran,Supermarket Flowers,1,https://tabs.ultimate-guitar.com/tab/ed-sheeran/supermarket-flowers-chords-1956603
Ed Sheeran,The A Team,1,https://tabs.ultimate-guitar.com/tab/ed-sheeran/the-a-team-chords-989712
Ed Sheeran,Thinking Out Loud,1,https://tabs.ultimate-guitar.com/tab/ed-sheeran/thinking-out-loud-chords-1486860
Ed Sheeran,You Need Me I Dont Need You,1,https://tabs.ultimate-guitar.com/tab/ed-sheeran/you-need-me-i-dont-need-you-chords-1677773
Edie Brickell & New Bohemians,Circle,1,https://tabs.ultimate-guitar.com/tab/edie-brickell-new-bohemians/circle-tabs-32649
Elvis Presley,Cant Help Falling In Love,1,https://tabs.ultimate-guitar.com/tab/elvis-presley/cant-help-falling-in-love-chords-1086983
Eurythmics,Sweet Dreams Are Made Of This,3,https://tabs.ultimate-guitar.com/tab/eurythmics/sweet-dreams-are-made-of-this-chords-1203755
Everlast,What Its Like,1,https://tabs.ultimate-guitar.com/tab/everlast/what-its-like-chords-1683079
Everlast,What Its Like,3,https://tabs.ultimate-guitar.com/tab/everlast/what-its-like-tabs-14353
Family of the Year,Hero,2,https://tabs.ultimate-guitar.com/tab/family-of-the-year/hero-chords-1227774
Five Finger Death Punch,Bad Company,1,https://tabs.ultimate-guitar.com/tab/five-finger-death-punch/bad-company-chords-1135070
Five Finger Death Punch,Blue On Black,1,https://tabs.ultimate-guitar.com/tab/five-finger-death-punch/blue-on-black-chords-2390593
Five Finger Death Punch,I Apologize,1,https://tabs.ultimate-guitar.com/tab/five-finger-death-punch/i-apologize-chords-1775768
Five Finger Death Punch,Remember Everything,1,https://tabs.ultimate-guitar.com/tab/five-finger-death-punch/remember-everything-chords-1195921
Five Finger Death Punch,Wrong Side Of Heaven,2,https://tabs.ultimate-guitar.com/tab/five-finger-death-punch/wrong-side-of-heaven-chords-1707664
Flunk,Blind My Mind,1,https://tabs.ultimate-guitar.com/tab/flunk/blind-my-mind-chords-1745349
Flunk,Cigarette Burns,1,https://tabs.ultimate-guitar.com/tab/flunk/cigarette-burns-chords-1413083
Flunk,Only You,1,https://tabs.ultimate-guitar.com/tab/flunk/only-you-chords-2403409
Flunk,Sit Down,1,https://tabs.ultimate-guitar.com/user/tab/view?h=vvFtVETYJi8sbhaHdGYSU06f
Flunk,True Faith,1,https://tabs.ultimate-guitar.com/tab/flunk/true-faith-chords-1755999
Foo Fighters,The Pretender,1,https://tabs.ultimate-guitar.com/tab/foo-fighters/the-pretender-chords-604229
Foo Fighters,The Sky Is A Neighborhood,1,https://tabs.ultimate-guitar.com/tab/foo-fighters/the-sky-is-a-neighborhood-chords-1998287
Fool's Garden,Lemon Tree,2,https://tabs.ultimate-guitar.com/tab/fools-garden/lemon-tree-chords-607747
Foster the People,Pumped Up Kicks,1,https://tabs.ultimate-guitar.com/tab/foster-the-people/pumped-up-kicks-chords-1032143
France Gall,Il Jouait Du Piano Debout,1,https://tabs.ultimate-guitar.com/tab/france-gall/il-jouait-du-piano-debout-chords-1704102
Frank Sinatra,Fly Me To The Moon,2,https://tabs.ultimate-guitar.com/tab/frank-sinatra/fly-me-to-the-moon-chords-335196
Frank Sinatra,My Way,1,https://tabs.ultimate-guitar.com/tab/frank-sinatra/my-way-chords-383263
Garou,Sous Le Vent,1,https://tabs.ultimate-guitar.com/tab/garou/sous-le-vent-chords-1408919
Gary Jules,Mad World,1,https://tabs.ultimate-guitar.com/tab/gary-jules/mad-world-chords-97039
George Ezra,Shotgun,2,https://tabs.ultimate-guitar.com/tab/george-ezra/shotgun-chords-2348569
George Michael,Careless Whisper,3,https://tabs.ultimate-guitar.com/tab/george-michael/careless-whisper-chords-1139126
Georges Brassens,Chanson Pour Lauvergnat,2,https://tabs.ultimate-guitar.com/tab/georges-brassens/chanson-pour-lauvergnat-chords-1214177
Georges Brassens,Je Me Suis Fait Tout Petit,2,https://tabs.ultimate-guitar.com/tab/georges-brassens/je-me-suis-fait-tout-petit-chords-1822695
Georges Brassens,La Mauvaise Réputation,1,https://tabs.ultimate-guitar.com/tab/1824704
Georges Brassens,Les Copains Dabord,3,https://tabs.ultimate-guitar.com/tab/georges-brassens/les-copains-dabord-chords-1495023
Gloria Gaynor,I Will Survive,1,https://tabs.ultimate-guitar.com/tab/gloria-gaynor/i-will-survive-chords-154172
Gnarls Barkley,Crazy,2,https://tabs.ultimate-guitar.com/tab/gnarls-barkley/crazy-chords-377909
Gorillaz,Feel Good Inc,3,https://tabs.ultimate-guitar.com/tab/gorillaz/feel-good-inc-chords-1434111
Gotye,Somebody That I Used To Know,1,https://tabs.ultimate-guitar.com/tab/gotye/somebody-that-i-used-to-know-chords-1088165
Green Day,21 Guns,1,https://tabs.ultimate-guitar.com/tab/green-day/21-guns-chords-823449
Green Day,Basket Case,1,https://tabs.ultimate-guitar.com/tab/green-day/basket-case-chords-104038
Green Day,Boulevard Of Broken Dreams,3,https://tabs.ultimate-guitar.com/tab/green-day/boulevard-of-broken-dreams-chords-146744
Green Day,Good Riddance Time Of Your Life,1,https://tabs.ultimate-guitar.com/tab/green-day/good-riddance-time-of-your-life-chords-12835
Green Day,Wake Me Up When September Ends,2,https://tabs.ultimate-guitar.com/tab/green-day/wake-me-up-when-september-ends-chords-158109
Guns N' Roses,Sweet Child O Mine,5,https://tabs.ultimate-guitar.com/tab/guns-n-roses/sweet-child-o-mine-chords-1095709
Hozier,Take Me To Church,1,https://tabs.ultimate-guitar.com/tab/hozier/take-me-to-church-chords-1442757
Icon For Hire,Happy Hurts,1,https://tabs.ultimate-guitar.com/tab/icon-for-hire/happy-hurts-chords-1994697
Icon For Hire,Supposed To Be,1,https://tabs.ultimate-guitar.com/tab/icon-for-hire/supposed-to-be-chords-1846735
Imagine Dragons,Demons,2,https://tabs.ultimate-guitar.com/tab/imagine-dragons/demons-chords-1149539
Imagine Dragons,Radioactive,1,https://tabs.ultimate-guitar.com/tab/imagine-dragons/radioactive-chords-1171909
In This Moment,Beast Within,1,https://tabs.ultimate-guitar.com/tab/in-this-moment/beast-within-chords-1459116
In This Moment,Whore,1,https://tabs.ultimate-guitar.com/tab/in-this-moment/whore-chords-1459113
Incubus,Drive,8,https://tabs.ultimate-guitar.com/tab/incubus/drive-chords-1396076
Jason Mraz,Im Yours,1,https://tabs.ultimate-guitar.com/tab/jason-mraz/im-yours-chords-468625
Jean-Jacques Goldman,Envole Moi,2,https://tabs.ultimate-guitar.com/tab/jean-jacques-goldman/envole-moi-chords-1706242
Jeff Buckley,Hallelujah,2,https://tabs.ultimate-guitar.com/tab/jeff-buckley/hallelujah-chords-198052
Joe Dassin,Les Champs-Elysees,3,https://tabs.ultimate-guitar.com/tab/joe-dassin/les-champs-elysees-chords-1077469
John Legend,All Of Me,1,https://tabs.ultimate-guitar.com/tab/john-legend/all-of-me-chords-1248578
John Rzeznik,Im Still Here,1,https://tabs.ultimate-guitar.com/tab/john-rzeznik/im-still-here-chords-39870
Johnny Cash,Hurt,1,https://tabs.ultimate-guitar.com/tab/johnny-cash/hurt-chords-89849
Jonas Blue,Rise,2,https://tabs.ultimate-guitar.com/tab/jonas-blue/rise-chords-2395281
José González,Crosses,1,https://tabs.ultimate-guitar.com/user/tab/view?h=sT05lKBU2PsFPbUs2A4KdBpl
Joseph Vincent,Cant Take My Eyes Off You,1,https://tabs.ultimate-guitar.com/tab/joseph-vincent/cant-take-my-eyes-off-you-chords-1883548
JP Cooper,Shes On My Mind,1,https://tabs.ultimate-guitar.com/tab/jp-cooper/shes-on-my-mind-chords-2098095
Justin Bieber,Love Yourself,1,https://tabs.ultimate-guitar.com/tab/justin-bieber/love-yourself-chords-1780199
Kaleo,Way Down We Go,1,https://tabs.ultimate-guitar.com/tab/kaleo/way-down-we-go-chords-1869855
Keira Knightley,A Step You Cant Take Back,1,https://tabs.ultimate-guitar.com/tab/keira-knightley/a-step-you-cant-take-back-chords-1508149
Keira Knightley,Lost Stars,1,https://tabs.ultimate-guitar.com/tab/keira-knightley/lost-stars-chords-1505785
Keira Knightley,Tell Me If You Wanna Go Home,2,https://tabs.ultimate-guitar.com/tab/keira-knightley/tell-me-if-you-wanna-go-home-chords-1713614
Lenka,The Show,2,https://tabs.ultimate-guitar.com/tab/lenka/the-show-chords-809905
Linkin Park,Castle Of Glass,6,https://tabs.ultimate-guitar.com/tab/linkin-park/castle-of-glass-chords-1162454
Linkin Park,In The End,4,https://tabs.ultimate-guitar.com/tab/linkin-park/in-the-end-chords-1483998
Linkin Park,Lost In The Echo,2,https://tabs.ultimate-guitar.com/tab/linkin-park/lost-in-the-echo-chords-1484967
Linkin Park,Numb,1,https://tabs.ultimate-guitar.com/tab/linkin-park/numb-chords-90873
Linkin Park,One More Light,1,https://tabs.ultimate-guitar.com/tab/linkin-park/one-more-light-chords-1997545
Linkin Park,Roads Untraveled,2,https://tabs.ultimate-guitar.com/tab/linkin-park/roads-untraveled-chords-1162781
Local Natives,Mt Washington,1,https://tabs.ultimate-guitar.com/tab/local-natives/mt-washington-chords-1235502
Lorde,Royals,1,https://tabs.ultimate-guitar.com/tab/lorde/royals-chords-1418611
Luis Fonsi,Despacito,1,https://tabs.ultimate-guitar.com/tab/luis-fonsi/despacito-chords-1932541
Lukas Graham,7 Years,2,https://tabs.ultimate-guitar.com/tab/lukas-graham/7-years-chords-1752864
Lynyrd Skynyrd,Sweet Home Alabama,2,https://tabs.ultimate-guitar.com/tab/lynyrd-skynyrd/sweet-home-alabama-chords-1053582
Måns Zelmerlöw,Heroes,2,https://tabs.ultimate-guitar.com/tab/1719653
Mark Ronson,Nothing Breaks Like A Heart,1,https://tabs.ultimate-guitar.com/tab/mark-ronson/nothing-breaks-like-a-heart-chords-2531568
Maroon 5,She Will Be Loved,3,https://tabs.ultimate-guitar.com/tab/maroon-5/she-will-be-loved-chords-995857
Metallica,Nothing Else Matters,3,https://tabs.ultimate-guitar.com/tab/metallica/nothing-else-matters-chords-830604
Metallica,The Unforgiven,1,https://tabs.ultimate-guitar.com/tab/metallica/the-unforgiven-chords-8676
Michael Jackson,Billie Jean,3,https://tabs.ultimate-guitar.com/tab/michael-jackson/billie-jean-chords-855230
Michael Jackson,Heal The World,1,https://tabs.ultimate-guitar.com/tab/michael-jackson/heal-the-world-chords-71843
Miley Cyrus,Summertime Sadness,1,https://tabs.ultimate-guitar.com/tab/miley-cyrus/summertime-sadness-chords-1895890
Milky Chance,Stolen Dance,1,https://tabs.ultimate-guitar.com/tab/milky-chance/stolen-dance-chords-1243327
Misc Cartoons,Aladdin - A Whole New World,1,https://tabs.ultimate-guitar.com/tab/misc-cartoons/aladdin-a-whole-new-world-chords-171361
Misc Cartoons,Frozen - Let It Go,1,https://tabs.ultimate-guitar.com/tab/misc-cartoons/frozen-let-it-go-chords-1445224
Misc Cartoons,Le Livre De La Jungle - Il En Faut Peu Pour Être Heureux,1,https://tabs.ultimate-guitar.com/tab/1514190
Misc Cartoons,Mulan - Ill Make A Man Out Of You,1,https://tabs.ultimate-guitar.com/tab/misc-cartoons/mulan-ill-make-a-man-out-of-you-chords-786891
Misc Cartoons,Pocahontas - Lair Du Vent,1,https://tabs.ultimate-guitar.com/tab/misc-cartoons/pocahontas-lair-du-vent-chords-1759067
Misc Cartoons,Pokemon Theme,4,https://tabs.ultimate-guitar.com/tab/misc-cartoons/pokemon-theme-chords-938502
Misc Cartoons,Spirited Away - Itsumo Nando,3,https://tabs.ultimate-guitar.com/tab/misc-cartoons/spirited-away-itsumo-nando-chords-1744061
Misc Soundtrack,A Star Is Born - Shallow,1,https://tabs.ultimate-guitar.com/tab/misc-soundtrack/a-star-is-born-shallow-chords-2480119
Misc Soundtrack,La La Land - City Of Stars,5,https://tabs.ultimate-guitar.com/tab/misc-soundtrack/la-la-land-city-of-stars-chords-1914825
Misc Television,The Witcher - Toss A Coin To Your Witcher,2,https://tabs.ultimate-guitar.com/tab/misc-television/the-witcher-toss-a-coin-to-your-witcher-chords-2935904
Monty Python,Always Look On The Bright Side Of Life,1,https://tabs.ultimate-guitar.com/tab/monty-python/always-look-on-the-bright-side-of-life-chords-76791
Neil Young,The Needle And The Damage Done,2,https://tabs.ultimate-guitar.com/tab/neil-young/the-needle-and-the-damage-done-chords-1053971
New Order,Blue Monday,1,https://tabs.ultimate-guitar.com/tab/new-order/blue-monday-chords-318349
Nickelback,How You Remind Me,1,https://tabs.ultimate-guitar.com/tab/nickelback/how-you-remind-me-chords-1447325
Nightwish,Meadows Of Heaven,1,https://tabs.ultimate-guitar.com/tab/nightwish/meadows-of-heaven-chords-605856
Nightwish,Sleeping Sun,1,https://tabs.ultimate-guitar.com/tab/nightwish/sleeping-sun-chords-77362
Nightwish,The Islander,1,https://tabs.ultimate-guitar.com/tab/nightwish/the-islander-chords-692447
Nirvana,Smells Like Teen Spirit,1,https://tabs.ultimate-guitar.com/tab/nirvana/smells-like-teen-spirit-chords-807883
No Doubt,Dont Speak,1,https://tabs.ultimate-guitar.com/tab/no-doubt/dont-speak-chords-445952
Oasis,Dont Look Back In Anger,1,https://tabs.ultimate-guitar.com/tab/oasis/dont-look-back-in-anger-chords-6097
Oasis,Wonderwall,3,https://tabs.ultimate-guitar.com/tab/oasis/wonderwall-chords-39144
Of Monsters and Men,Black Water,1,https://tabs.ultimate-guitar.com/tab/of-monsters-and-men/black-water-chords-1742381
Of Monsters and Men,Crystals,1,https://tabs.ultimate-guitar.com/tab/of-monsters-and-men/crystals-chords-1721172
Of Monsters and Men,Dirty Paws,1,https://tabs.ultimate-guitar.com/tab/of-monsters-and-men/dirty-paws-chords-1104999
Of Monsters and Men,Human,1,https://tabs.ultimate-guitar.com/tab/of-monsters-and-men/human-chords-1743313
Of Monsters and Men,King And Lionheart,1,https://tabs.ultimate-guitar.com/tab/of-monsters-and-men/king-and-lionheart-chords-1104958
Of Monsters and Men,Little Talks,1,https://tabs.ultimate-guitar.com/tab/of-monsters-and-men/little-talks-chords-1046763
Of Monsters and Men,Love Love Love,1,https://tabs.ultimate-guitar.com/tab/of-monsters-and-men/love-love-love-chords-1105006
Of Monsters and Men,Mountain Sound,1,https://tabs.ultimate-guitar.com/tab/of-monsters-and-men/mountain-sound-chords-1146922
Of Monsters and Men,Silhouettes,4,https://tabs.ultimate-guitar.com/tab/of-monsters-and-men/silhouettes-chords-1433806
Of Monsters and Men,Wolves Without Teeth,1,https://tabs.ultimate-guitar.com/tab/of-monsters-and-men/wolves-without-teeth-chords-1742364
OneRepublic,Apologize,1,https://tabs.ultimate-guitar.com/tab/onerepublic/apologize-chords-567175
Papa Roach,Born For Greatness,1,https://tabs.ultimate-guitar.com/tab/papa-roach/born-for-greatness-chords-2005929
Passenger,Let Her Go,1,https://tabs.ultimate-guitar.com/tab/passenger/let-her-go-chords-1137467
Patti Smith,Because The Night,2,https://tabs.ultimate-guitar.com/tab/patti-smith/because-the-night-chords-1129965
Phil Collins,In The Air Tonight,1,https://tabs.ultimate-guitar.com/tab/phil-collins/in-the-air-tonight-chords-15811
Phil Collins,Son Of Man,1,https://tabs.ultimate-guitar.com/tab/phil-collins/son-of-man-chords-562196
Phil Collins,Strangers Like Me,3,https://tabs.ultimate-guitar.com/tab/phil-collins/strangers-like-me-chords-1227701
Pink Floyd,Comfortably Numb,1,https://tabs.ultimate-guitar.com/tab/pink-floyd/comfortably-numb-chords-44547
Pink Floyd,Wish You Were Here,1,https://tabs.ultimate-guitar.com/tab/pink-floyd/wish-you-were-here-chords-44555
Pink Martini,Sympathique,3,https://tabs.ultimate-guitar.com/tab/pink-martini/sympathique-chords-2201419
Plain White T's,Hey There Delilah,3,https://tabs.ultimate-guitar.com/tab/plain-white-ts/hey-there-delilah-chords-337676
Poets of the Fall,Carnival Of Rust,1,https://tabs.ultimate-guitar.com/tab/poets-of-the-fall/carnival-of-rust-chords-350819
R.E.M.,Losing My Religion,1,https://tabs.ultimate-guitar.com/tab/r-e-m-/losing-my-religion-chords-114345
Radiohead,Creep,1,https://tabs.ultimate-guitar.com/tab/radiohead/creep-chords-4169
Radiohead,Fake Plastic Trees,1,https://tabs.ultimate-guitar.com/tab/radiohead/fake-plastic-trees-chords-4149
Radiohead,High And Dry,2,https://tabs.ultimate-guitar.com/tab/radiohead/high-and-dry-chords-1965151
Radiohead,Karma Police,2,https://tabs.ultimate-guitar.com/tab/radiohead/karma-police-chords-103398
Radiohead,No Surprises,1,https://tabs.ultimate-guitar.com/tab/radiohead/no-surprises-chords-183884
Rag'n'Bone Man,Human,1,https://tabs.ultimate-guitar.com/tab/ragnbone-man/human-chords-1866371
Ray Charles,Hit The Road Jack,1,https://tabs.ultimate-guitar.com/tab/ray-charles/hit-the-road-jack-chords-168021
Red Hot Chili Peppers,Californication,1,https://tabs.ultimate-guitar.com/tab/red-hot-chili-peppers/californication-chords-202765
Red Hot Chili Peppers,Road Trippin,1,https://tabs.ultimate-guitar.com/tab/red-hot-chili-peppers/road-trippin-chords-1009501
Red Hot Chili Peppers,Snow Hey Oh,1,https://tabs.ultimate-guitar.com/tab/red-hot-chili-peppers/snow-hey-oh-chords-497382
Red Hot Chili Peppers,Under The Bridge,1,https://tabs.ultimate-guitar.com/user/tab/view?h=ABq9QkdKFmJaqbUMqsQq6Ler
Renan Luce,Les Voisines,1,https://tabs.ultimate-guitar.com/tab/renan-luce/les-voisines-chords-1087584
Renaud,Manhattan-Kaboul,1,https://tabs.ultimate-guitar.com/tab/renaud/manhattan-kaboul-chords-956316
Rise Against,Hero Of War,3,https://tabs.ultimate-guitar.com/tab/rise-against/hero-of-war-chords-808812
Royal Blood,Lights Out,1,https://tabs.ultimate-guitar.com/tab/royal-blood/lights-out-chords-1981099
Sam Smith,Stay With Me,8,https://tabs.ultimate-guitar.com/tab/sam-smith/stay-with-me-chords-1760830
Shaka Ponk,Im Picky,1,https://tabs.ultimate-guitar.com/tab/shaka-ponk/im-picky-chords-1086881
Shawn Mendes,Stitches,2,https://tabs.ultimate-guitar.com/tab/shawn-mendes/stitches-chords-1721493
Shawn Mendes,Theres Nothing Holdin Me Back,1,https://tabs.ultimate-guitar.com/tab/shawn-mendes/theres-nothing-holdin-me-back-chords-1983837
Simon & Garfunkel,The Sound Of Silence,2,https://tabs.ultimate-guitar.com/tab/simon-garfunkel/the-sound-of-silence-chords-159157
Simple Minds,Dont You Forget About Me,2,https://tabs.ultimate-guitar.com/tab/simple-minds/dont-you-forget-about-me-chords-1448722
Soft Cell,Tainted Love,2,https://tabs.ultimate-guitar.com/tab/soft-cell/tainted-love-chords-528038
Sonata Arctica,Alone In Heaven,1,https://tabs.ultimate-guitar.com/tab/sonata-arctica/alone-in-heaven-chords-1511926
Soul Asylum,Runaway Train,1,https://tabs.ultimate-guitar.com/tab/soul-asylum/runaway-train-chords-84027
Sparklehorse,Piano Fire,1,https://tabs.ultimate-guitar.com/tab/sparklehorse/piano-fire-chords-727346
Starset,My Demons,1,https://tabs.ultimate-guitar.com/tab/starset/my-demons-chords-1716095
Starset,Satellite,1,https://tabs.ultimate-guitar.com/tab/starset/satellite-chords-1967311
Sting,Englishman In New York,1,https://tabs.ultimate-guitar.com/tab/sting/englishman-in-new-york-chords-2220
Sting,Shape Of My Heart,3,https://tabs.ultimate-guitar.com/tab/sting/shape-of-my-heart-chords-1472624
Sting,Stolen Car Take Me Dancing,1,https://tabs.ultimate-guitar.com/tab/sting/stolen-car-take-me-dancing-chords-1726330
Survivor,Eye Of The Tiger,2,https://tabs.ultimate-guitar.com/tab/survivor/eye-of-the-tiger-chords-1483686
Swedish House Mafia,Dont You Worry Child,1,https://tabs.ultimate-guitar.com/tab/swedish-house-mafia/dont-you-worry-child-chords-1180854
Syd Matters,Obstacles,4,https://tabs.ultimate-guitar.com/tab/syd-matters/obstacles-chords-2076999
Syd Matters,To All Of You,1,https://tabs.ultimate-guitar.com/tab/syd-matters/to-all-of-you-chords-913273
System of a Down,Aerials,2,https://tabs.ultimate-guitar.com/tab/system-of-a-down/aerials-chords-2132765
System of a Down,Lonely Day,2,https://tabs.ultimate-guitar.com/tab/system-of-a-down/lonely-day-chords-328133
System of a Down,Toxicity,2,https://tabs.ultimate-guitar.com/tab/system-of-a-down/toxicity-chords-1008226
The Animals,House Of The Rising Sun,1,https://tabs.ultimate-guitar.com/tab/the-animals/house-of-the-rising-sun-chords-18688
The Beatles,Eleanor Rigby,3,https://tabs.ultimate-guitar.com/tab/the-beatles/eleanor-rigby-chords-760029
The Beatles,Help,1,https://tabs.ultimate-guitar.com/tab/the-beatles/help-chords-17269
The Beatles,Hey Jude,7,https://tabs.ultimate-guitar.com/tab/the-beatles/hey-jude-chords-1061739
The Beatles,Let It Be,2,https://tabs.ultimate-guitar.com/tab/the-beatles/let-it-be-chords-60690
The Beatles,Sexy Sadie,2,https://tabs.ultimate-guitar.com/tab/the-beatles/sexy-sadie-chords-1052103
The Beatles,Ticket To Ride,4,https://tabs.ultimate-guitar.com/tab/the-beatles/ticket-to-ride-chords-1088894
The Beatles,While My Guitar Gently Weeps,1,https://tabs.ultimate-guitar.com/tab/the-beatles/while-my-guitar-gently-weeps-chords-17446
The Beatles,Yesterday,4,https://tabs.ultimate-guitar.com/tab/the-beatles/yesterday-chords-887610
The Chainsmokers,Something Just Like This,3,https://tabs.ultimate-guitar.com/tab/the-chainsmokers/something-just-like-this-chords-1953009
The Connells,74-75,1,https://tabs.ultimate-guitar.com/tab/the-connells/74-75-chords-15799
The Cranberries,Zombie,1,https://tabs.ultimate-guitar.com/tab/the-cranberries/zombie-chords-844902
The Fray,How To Save A Life,1,https://tabs.ultimate-guitar.com/tab/the-fray/how-to-save-a-life-chords-258804
The Lumineers,Ho Hey,2,https://tabs.ultimate-guitar.com/tab/the-lumineers/ho-hey-chords-1144876
The Lumineers,Ophelia,1,https://tabs.ultimate-guitar.com/tab/the-lumineers/ophelia-chords-1812380
The Police,Every Breath You Take,8,https://tabs.ultimate-guitar.com/tab/the-police/every-breath-you-take-chords-1087239
The Police,Message In A Bottle,3,https://tabs.ultimate-guitar.com/tab/the-police/message-in-a-bottle-chords-1091383
The Police,Roxanne,3,https://tabs.ultimate-guitar.com/tab/the-police/roxanne-chords-953512
The Pretty Reckless,House On A Hill,1,https://tabs.ultimate-guitar.com/tab/the-pretty-reckless/house-on-a-hill-chords-1469130
The Who,Behind Blue Eyes,1,https://tabs.ultimate-guitar.com/tab/the-who/behind-blue-eyes-chords-90958
Theory of a Deadman,Rx Medicate,1,https://tabs.ultimate-guitar.com/tab/theory-of-a-deadman/rx-medicate-chords-2261637
Tom Walker,Leave A Light On,1,https://tabs.ultimate-guitar.com/tab/tom-walker/leave-a-light-on-chords-2207711
Tones And I,Dance Monkey,1,https://tabs.ultimate-guitar.com/tab/tones-and-i/dance-monkey-chords-2787730
Toto,Africa,1,https://tabs.ultimate-guitar.com/tab/toto/africa-chords-87063
Tue Loup,Mon Amant De Saint Jean,2,https://tabs.ultimate-guitar.com/tab/tue-loup/mon-amant-de-saint-jean-chords-1955091
U2,I Still Havent Found What Im Looking For,1,https://tabs.ultimate-guitar.com/tab/u2/i-still-havent-found-what-im-looking-for-chords-57139
U2,One,1,https://tabs.ultimate-guitar.com/tab/u2/one-chords-47269
U2,Staring At The Sun,1,https://tabs.ultimate-guitar.com/tab/u2/staring-at-the-sun-chords-174851
U2,Summer Rain,1,https://tabs.ultimate-guitar.com/tab/u2/summer-rain-chords-132609
U2,Sunday Bloody Sunday,1,https://tabs.ultimate-guitar.com/tab/u2/sunday-bloody-sunday-chords-443752
U2,With Or Without You,4,https://tabs.ultimate-guitar.com/tab/u2/with-or-without-you-chords-1071977
Vance Joy,Riptide,2,https://tabs.ultimate-guitar.com/tab/vance-joy/riptide-chords-1237247
Wham!,Wake Me Up Before You Go-Go,1,https://tabs.ultimate-guitar.com/tab/wham/wake-me-up-before-you-go-go-chords-1020178
Zaz,Je Veux,2,https://tabs.ultimate-guitar.com/tab/zaz/je-veux-chords-991205